<?xml version="1.0" encoding="UTF-8"?>
<project-private xmlns="http://www.netbeans.org/ns/project-private/1">
    <editor-bookmarks xmlns="http://www.netbeans.org/ns/editor-bookmarks/2" lastBookmarkId="0"/>
    <open-files xmlns="http://www.netbeans.org/ns/projectui-open-files/2">
        <group>
            <file>file:/C:/Users/sinNombre/Documents/NetBeansProjects/proyecto_cliente_servidor/proyecto_cliente_servidorDam/Cliente/src/controlador/ControladorCliente.java</file>
            <file>file:/C:/Users/sinNombre/Documents/NetBeansProjects/proyecto_cliente_servidor/proyecto_cliente_servidorDam/Cliente/src/modelo/ModeloCliente.java</file>
            <file>file:/C:/Users/sinNombre/Documents/NetBeansProjects/proyecto_cliente_servidor/proyecto_cliente_servidorDam/Cliente/src/vista/VistaJFrame_menuAplicacion.java</file>
        </group>
    </open-files>
</project-private>
